item_category_link_uid,item_category_uid,sequence_no,link_name,full_link_path, isLoading
393122,19714,5,Sizing Chart,https://v2prodbackend.azurewebsites.net/api/digital/asset/get?fileName=images/5645PSVelocityPS2016 Sizing Chart.jpg,false
402915,11303,4,Iceross Seal-In X Catalog Page,https://v2prodbackend.azurewebsites.net/api/digital/asset/get?fileName=images/Iceross Seal-In X Catalog page.pdf,false
12981,11887,2,Sizing Chart,https://v2prodbackend.azurewebsites.net/api/digital/asset/get?fileName=images/ottobock_50s15x,false
26717,18285,2,Sizing Chart,https://v2prodbackend.azurewebsites.net/api/digital/asset/get?fileName=images/Sizing Chart.JPG,false
26099,18051,2,Safety Data Sheet,https://v2prodbackend.azurewebsites.net/api/digital/asset/get?fileName=pdfs/00256636-20180429.PDF,false
7234,6122,2,Assembly Instructions,https://v2prodbackend.azurewebsites.net/api/digital/asset/get?fileName=pdfs/1011 Trigger Assembly Instructions.pdf,false
7235,6476,2,Free Motion Instructions,https://v2prodbackend.azurewebsites.net/api/digital/asset/get?fileName=pdfs/1013 Posterior Offset Free Motion Instructions.pdf,false
7236,3639,2,Fabrication Instructions,https://v2prodbackend.azurewebsites.net/api/digital/asset/get?fileName=pdfs/1014 Special Fabricating Instructions.pdf,false
7237,4312,2,Fabrication Instructions,https://v2prodbackend.azurewebsites.net/api/digital/asset/get?fileName=pdfs/1016 Trick Knee Fabrication Instructions.pdf,false
25801,17896,2,Product Information,https://v2prodbackend.azurewebsites.net/api/digital/asset/get?fileName=pdfs/101717_APEX-Liv&Ellen_4 Shoes Sellsheet_Final.pdf,false
7238,6477,2,Fabrication Instructions,https://v2prodbackend.azurewebsites.net/api/digital/asset/get?fileName=pdfs/1017-A38 HD AA Lever Lock Knee Joint Fabrication Instructions.pdf,false
405841,1781,8,PDAC Letter - Pyramid,https://v2prodbackend.azurewebsites.net/api/digital/asset/get?fileName=pdfs/1322%20Polycentric%20Pneumatic%204-Bar%20Knee%20-%20PDAC.pdf,True
404078,16293,7,Instructions for Use,https://v2prodbackend.azurewebsites.net/api/digital/asset/get?fileName=pdfs/1343_001_web%20XC.PDF,false
404056,16292,7,Instructions for Use,https://v2prodbackend.azurewebsites.net/api/digital/asset/get?fileName=pdfs/1344_001_web%20LP.PDF,false
403134,18713,7,Liner Chart,https://v2prodbackend.azurewebsites.net/api/digital/asset/get?fileName=pdfs/13937LinerPoster2_2018.PDF,false
404411,18729,8,Harmony System Brochure,https://v2prodbackend.azurewebsites.net/api/digital/asset/get?fileName=pdfs/14219-All-Harmony-Brochure.PDF,false
3488,4502,2,PDAC Letter,"https://v2prodbackend.azurewebsites.net/api/digital/asset/get?fileName=pdfs/14OS, 15DHO, 18ECO, 29RHO, 30CHK, 32GHK, 24-28ECO, 34-38ECO_pdac.pdf",false
404540,18737,7,Instructions for Use,"https://v2prodbackend.azurewebsites.net/api/digital/asset/get?fileName=pdfs/1G9, 1H32, 1H34, 1H38, 1H40 Single Axis Feet - Instructions for Use.pdf",false
406291,18735,7,Instructions for Use,"https://v2prodbackend.azurewebsites.net/api/digital/asset/get?fileName=pdfs/1S49, 1S66, 1S67, 1S90 SACH - IFU.pdf",false
27092,18370,5,Sizing Chart,https://v2prodbackend.azurewebsites.net/api/digital/asset/get?fileName=pdfs/2018_TheraTogs_Sizing_Chart.docx,false
19102,3194,2,PDAC Letter,https://v2prodbackend.azurewebsites.net/api/digital/asset/get?fileName=pdfs/22PFNS.pdf,false
19105,9467,2,PDAC Letter,https://v2prodbackend.azurewebsites.net/api/digital/asset/get?fileName=pdfs/25PHO.pdf,false
19106,7615,2,PDAC Letter,"https://v2prodbackend.azurewebsites.net/api/digital/asset/get?fileName=pdfs/26AB, 63TFB, 66HS, 70PFA, 78TA-S&R.pdf",false
19104,7025,2,PDAC Letter,https://v2prodbackend.azurewebsites.net/api/digital/asset/get?fileName=pdfs/27KCO.pdf,false
3079,3784,2,PDAC Letter,https://v2prodbackend.azurewebsites.net/api/digital/asset/get?fileName=pdfs/32GHK & 32GHO.PDF,false
19112,9456,2,PDAC Letter,https://v2prodbackend.azurewebsites.net/api/digital/asset/get?fileName=pdfs/36NTRHO.pdf,false
16072,11223,2,3M Clean-Walk Mats 5830 and 5840 Series B/W - Features and Benefits,https://v2prodbackend.azurewebsites.net/api/digital/asset/get?fileName=pdfs/3m_clean-walkmat_salessheet.PDF,false
16073,11223,3,3M� Clean-Walk Unframed Mats 5830 - Data Sheet,https://v2prodbackend.azurewebsites.net/api/digital/asset/get?fileName=pdfs/3m_clean-walkmat_technicaldata.PDF,false
18537,15084,5,HCPCS Coding Information,https://v2prodbackend.azurewebsites.net/api/digital/asset/get?fileName=pdfs/3m_reston_pdac.pdf,false
405784,18599,4,Product Information,https://v2prodbackend.azurewebsites.net/api/digital/asset/get?fileName=pdfs/3R67 Product Info.PDF,false
405781,18599,2,Specifications,https://v2prodbackend.azurewebsites.net/api/digital/asset/get?fileName=pdfs/3R67 Specs.PDF,false
2203,2948,2,PDAC Letter,https://v2prodbackend.azurewebsites.net/api/digital/asset/get?fileName=pdfs/42KI.pdf,false
19113,7027,2,PDAC Letter,https://v2prodbackend.azurewebsites.net/api/digital/asset/get?fileName=pdfs/43DBS.pdf,false
33186,15933,4,Product Information,"https://v2prodbackend.azurewebsites.net/api/digital/asset/get?fileName=pdfs/4R72, 4R104, 4R76, 4R78 Dbl Adpt Catalog.pdf",false
19115,8417,2,PDAC Letter,https://v2prodbackend.azurewebsites.net/api/digital/asset/get?fileName=pdfs/571-DxWNKO.pdf,false
19116,8418,2,PDAC Letter,https://v2prodbackend.azurewebsites.net/api/digital/asset/get?fileName=pdfs/572-PCDxWKB.pdf,false
19123,4831,3,PDAC Letter,https://v2prodbackend.azurewebsites.net/api/digital/asset/get?fileName=pdfs/590WES.pdf,false
19124,9505,2,PDAC Letter,https://v2prodbackend.azurewebsites.net/api/digital/asset/get?fileName=pdfs/592-WETS.pdf,false
406147,20307,5,C-Soft and BionicLink - Information for Practitioners,https://v2prodbackend.azurewebsites.net/api/digital/asset/get?fileName=pdfs/646D225-GB-03-1204w.pdf,false
405627,20317,4,C-Leg 4 Brochure,https://v2prodbackend.azurewebsites.net/api/digital/asset/get?fileName=pdfs/646D878-EN-03-1607w.pdf,false
405639,20631,4,Kenevo Brochure,https://v2prodbackend.azurewebsites.net/api/digital/asset/get?fileName=pdfs/646D881_EN.PDF,false
406141,19972,5,Instructions for Use: 647G1113,https://v2prodbackend.azurewebsites.net/api/digital/asset/get?fileName=pdfs/647G1113-INT-01-1502w.pdf,false
380108,19147,2,Instructions for Use,https://v2prodbackend.azurewebsites.net/api/digital/asset/get?fileName=pdfs/647G1252-INT-01-1701w.pdf,false
405628,20317,5,Instructions for use (qualified personnel),https://v2prodbackend.azurewebsites.net/api/digital/asset/get?fileName=pdfs/647G1375-INT-02-1803w_en.pdf,false
406146,20307,6,60X5 BionicLink PC - Instructions for Use (Qualified Personnel),https://v2prodbackend.azurewebsites.net/api/digital/asset/get?fileName=pdfs/647G506-INT-11-1703w.pdf,false
20940,15858,2,28Z10 Supination Correction Strap - Processing instructions,https://v2prodbackend.azurewebsites.net/api/digital/asset/get?fileName=pdfs/647G863-INT-03-1308w.pdf,false
405012,20367,5,1B1 Meridium - Instructions for Use,https://v2prodbackend.azurewebsites.net/api/digital/asset/get?fileName=pdfs/647G870-INT-10-1601w.pdf,false
405626,20317,6,Instructions for Use (User),https://v2prodbackend.azurewebsites.net/api/digital/asset/get?fileName=pdfs/647H569-INT-04-1803w.pdf,false
23068,16695,2,"2R2, 2R3, 2R37, 2R38 Tube Adapters, 4R21, 4R21=1, 4R52, 4R52=1 Tube Clamp Adpaters - Instructions for Use",https://v2prodbackend.azurewebsites.net/api/digital/asset/get?fileName=pdfs/647H90-INT-35-1410w.pdf,True
19126,12204,3,PDAC Letter,https://v2prodbackend.azurewebsites.net/api/digital/asset/get?fileName=pdfs/680-ESNES.pdf,false
7233,521,2,Fabrication Instructions,https://v2prodbackend.azurewebsites.net/api/digital/asset/get?fileName=pdfs/755 Motion Control Limiter Fabrication Instructions.pdf,false
35703,15887,5,Instructions for Use,https://v2prodbackend.azurewebsites.net/api/digital/asset/get?fileName=pdfs/7Z53 IFU.pdf,True
405481,14583,8,Fitting Instructions,https://v2prodbackend.azurewebsites.net/api/digital/asset/get?fileName=pdfs/802_Nylon_Knee_Fitting_Instructions_US.PDF,false
14279,10996,2,Product Information,https://v2prodbackend.azurewebsites.net/api/digital/asset/get?fileName=pdfs/8320N Patella Pro Brochure 2018 for O&P - 15638.pdf,false
7239,3185,2,Fabrication Instructions,https://v2prodbackend.azurewebsites.net/api/digital/asset/get?fileName=pdfs/9000 GX-Knee Instructions.pdf,false
403472,1763,7,Instructions for Use,https://v2prodbackend.azurewebsites.net/api/digital/asset/get?fileName=pdfs/900073 (K) - VSDT Booklet.pdf,false
7241,4313,3,GX Assist Fabrication Instructions,https://v2prodbackend.azurewebsites.net/api/digital/asset/get?fileName=pdfs/9005-9006 GX Assist Kit Fabrication Instructions.pdf,false
405475,14584,7,Fitting Instructions,https://v2prodbackend.azurewebsites.net/api/digital/asset/get?fileName=pdfs/902_Nylon_Knee_Fitting_Instructions_US.PDF,false
9596,3177,3,Allard AFO Information,https://v2prodbackend.azurewebsites.net/api/digital/asset/get?fileName=pdfs/A010 - Allard AFO Brosch.www.pdf,True
21229,15956,2,PDAC Letter Laces,"https://v2prodbackend.azurewebsites.net/api/digital/asset/get?fileName=pdfs/A1000, A1100 PDAC Letter - 45622480 - CODING VERIFICATION.pdf",false
7654,7804,3,Foot Poster,https://v2prodbackend.azurewebsites.net/api/digital/asset/get?fileName=pdfs/A3590+Foot+Poster.pdf,false
21236,15966,2,PDAC Letter,"https://v2prodbackend.azurewebsites.net/api/digital/asset/get?fileName=pdfs/A4000, A4100 PDAC Letter - 45622490 - CODING VERIFICATION.pdf",false
21246,15972,2,PDAC Letter,https://v2prodbackend.azurewebsites.net/api/digital/asset/get?fileName=pdfs/A6000M PDAC Letter - 45622488 - CODING VERIFICATION.PDF,false
21225,15958,2,PDAC Letter,"https://v2prodbackend.azurewebsites.net/api/digital/asset/get?fileName=pdfs/A7000, A7100, A7200 M & W PDAC Letter - 57008589 - CODING VERIFICATION.pdf",false
7101,6454,2,Instruction Booklet,https://v2prodbackend.azurewebsites.net/api/digital/asset/get?fileName=pdfs/ABS Ankle Support Booklet.pdf,false
7136,6454,3,Manufacturer Sales Sheet,https://v2prodbackend.azurewebsites.net/api/digital/asset/get?fileName=pdfs/ABS Ankle Support Sales Sheet.pdf,false
14485,12378,9,ABBY�  PDAC Approval Letter,https://v2prodbackend.azurewebsites.net/api/digital/asset/get?fileName=pdfs/ac_abbyarticulatinganklefootorthosis_pdac.pdf,false
18221,14864,4,EV� PDAC Approval,https://v2prodbackend.azurewebsites.net/api/digital/asset/get?fileName=pdfs/ac_evanklefootorthosis_pdac.pdf,false
14524,13560,5,PKA� PDAC Approval,https://v2prodbackend.azurewebsites.net/api/digital/asset/get?fileName=pdfs/ac_pkaarticulatinganklefootorthosis_pdac.pdf,false
14507,13411,5,"DeToro W, (2001) Plantarflexion Resistance of Selected Ankle-Foot Orthoses: A Study of Commonly Prescribed Prefabricated and Custom-Molded Alternatives: J Prosthet Orthot:13;39-44",https://v2prodbackend.azurewebsites.net/api/digital/asset/get?fileName=pdfs/ac_prafoanklefootorthosis_casestudy2.pdf,True
14510,13411,8,PRAFO� PDAC Approval,https://v2prodbackend.azurewebsites.net/api/digital/asset/get?fileName=pdfs/ac_prafoanklefootorthosis_pdac.pdf,false
14447,12442,9,TERRA� Orthosis PDAC Approval Letter,https://v2prodbackend.azurewebsites.net/api/digital/asset/get?fileName=pdfs/ac_ribbyorthosis_pdac.pdf,false
14446,12442,8,"DeToro W, (2001) Plantarflexion Resistance of Selected Ankle-Foot Orthoses: A Study of Commonly Prescribed Prefabricated and Custom-Molded Alternatives: J Prosthet Orthot:13;39-44",https://v2prodbackend.azurewebsites.net/api/digital/asset/get?fileName=pdfs/ac_terraorthosis_other.pdf,false
14499,12381,5,"Lin R, et al (2009) �Evaluation of the Pressure Relief Ankle Foot Orthosis in Individuals With Hemiparesis Using Three-Dimensional Gait Analysis�Journal of Prosthetics and Orthotics, 21-3, pp. 132-137",https://v2prodbackend.azurewebsites.net/api/digital/asset/get?fileName=pdfs/ac_tri-plannar_other.pdf,false
14500,12381,6,"DeToro W, (2001) Plantarflexion Resistance of Selected Ankle-Foot Orthoses: A Study of Commonly Prescribed Prefabricated and Custom-Molded Alternatives: J Prosthet Orthot:13;39-44",https://v2prodbackend.azurewebsites.net/api/digital/asset/get?fileName=pdfs/ac_tri-plannar_other2.pdf,false
859,2271,1,Sizing Chart,https://v2prodbackend.azurewebsites.net/api/digital/asset/get?fileName=pdfs/acor_orthotics_sq.pdf,false
405931,8183,7,Warnings,https://v2prodbackend.azurewebsites.net/api/digital/asset/get?fileName=pdfs/Adv_Pneu Warnings.pdf,True
16077,6220,3,Ankle Cyro/Cuff Gravity Patient Information,https://v2prodbackend.azurewebsites.net/api/digital/asset/get?fileName=pdfs/aircast_anklecryocuffgravity_patientinformation.PDF,false
16076,6220,2,Ankle Cyro/Cuff IC Patient Information,https://v2prodbackend.azurewebsites.net/api/digital/asset/get?fileName=pdfs/aircast_anklecryocuffic_patientinformation.PDF,false
16078,6220,4,AutoChill 20B Patient Information,https://v2prodbackend.azurewebsites.net/api/digital/asset/get?fileName=pdfs/aircast_autochillsystem20b_patientinformation.PDF,false
8412,3943,2,Airform Night Splint PDAC,https://v2prodbackend.azurewebsites.net/api/digital/asset/get?fileName=pdfs/Airform Night Splint L4398.pdf,false
7270,7624,2,Sizing Chart,https://v2prodbackend.azurewebsites.net/api/digital/asset/get?fileName=pdfs/allard_3d-litecut-4customlso_sizingchart.pdf,True
24706,8045,2,Sizing Chart,https://v2prodbackend.azurewebsites.net/api/digital/asset/get?fileName=pdfs/allard_vissionromwrapstylekneesupport_Sizing.pdf,false
22581,15776,11,Product Information,https://v2prodbackend.azurewebsites.net/api/digital/asset/get?fileName=pdfs/ALLELES Cascade+OrtoPed Sales Package.pdf,false
23830,17041,7,Product Information,https://v2prodbackend.azurewebsites.net/api/digital/asset/get?fileName=pdfs/ALLELES%20Cascade+OrtoPed%20Sales%20Package.pdf,false
405495,18230,5,User Guide,"https://v2prodbackend.azurewebsites.net/api/digital/asset/get?fileName=pdfs/All-Terrain%20Knee%20Collection,%20Short%20User%20Guide.pdf",false
9841,3602,2,Alpha� Conversion Chart,https://v2prodbackend.azurewebsites.net/api/digital/asset/get?fileName=pdfs/Alpha Conversion Chart_Silipos.pdf,false
7131,1696,2,MSDS Sheet,https://v2prodbackend.azurewebsites.net/api/digital/asset/get?fileName=pdfs/alps_atp008_msds.pdf,false
7132,1700,2,MSDS Sheet,https://v2prodbackend.azurewebsites.net/api/digital/asset/get?fileName=pdfs/alps_pd595_msds.pdf,false
399807,14423,8,PDAC Letter,https://v2prodbackend.azurewebsites.net/api/digital/asset/get?fileName=pdfs/alps_superiorsleeve_pdac.PDF,false
17611,6018,4,KMO PDAC Approval Letter,https://v2prodbackend.azurewebsites.net/api/digital/asset/get?fileName=pdfs/anatomicalconcepts_kmokneeorthosis_pdac.pdf,false
15900,13761,2,Vista Collar/ICU Sell Sheet,https://v2prodbackend.azurewebsites.net/api/digital/asset/get?fileName=pdfs/aspen_vistacollaricu_sellsheet.pdf,True
22556,12713,3,Instructions for Use,https://v2prodbackend.azurewebsites.net/api/digital/asset/get?fileName=pdfs/AW-1.01743 - Binders & Rib Belts IFU.pdf,false
22127,8378,2,Instructions for Use � Ankle Pad,https://v2prodbackend.azurewebsites.net/api/digital/asset/get?fileName=pdfs/AW-1.90218A-Intelliflo-ankle-pad.pdf,True
22354,16367,2,Sizing Chart,https://v2prodbackend.azurewebsites.net/api/digital/asset/get?fileName=pdfs/bauefeind_venotrainbusiness_sizingchart.pdf,True
18135,11396,4,HCPCS List,https://v2prodbackend.azurewebsites.net/api/digital/asset/get?fileName=pdfs/bc_clasicwristbrace_pdac.pdf,false
17865,7383,3,Safety Data Sheet,https://v2prodbackend.azurewebsites.net/api/digital/asset/get?fileName=pdfs/BD_DS_Eco_Equ_EZB_EZS_Psy_MS_OOMOO_Reb_ST_SS_Soma_Sol_Sorta.pdf,True
899,2266,1,Sizing Chart,https://v2prodbackend.azurewebsites.net/api/digital/asset/get?fileName=pdfs/BeckerHips-3.pdf,True
14685,11497,3,PDAC,https://v2prodbackend.azurewebsites.net/api/digital/asset/get?fileName=pdfs/bell-horn_canvaswristbrace_pdac.pdf,True
14709,11563,2,Sizing Chart,https://v2prodbackend.azurewebsites.net/api/digital/asset/get?fileName=pdfs/bell-horn_compressiveelbowsupport_sizing.pdf,True
15001,12558,3,Sadmerc Letter,https://v2prodbackend.azurewebsites.net/api/digital/asset/get?fileName=pdfs/bell-horn_heelandelbowprotectors_pdac.pdf,True
14733,12014,2,Sizing Chart,https://v2prodbackend.azurewebsites.net/api/digital/asset/get?fileName=pdfs/bell-horn_tenniselbow+pad_sizingchart.pdf,false
26370,18160,2,Sizing Chart,https://v2prodbackend.azurewebsites.net/api/digital/asset/get?fileName=pdfs/birdandcronin_metacarpalforearmsplint_sizingchart.pdf,false
23942,17097,2,Sizing Chart,https://v2prodbackend.azurewebsites.net/api/digital/asset/get?fileName=pdfs/breg_SizeChart_ProGait_ProGaitPlus_0.pdf,false
16838,11534,2,Sizing Chart,https://v2prodbackend.azurewebsites.net/api/digital/asset/get?fileName=pdfs/bsn_delta-dry-waterresistantpadding_sizingchart.pdf,True
539,962,1,MSDS Sheets,"https://v2prodbackend.azurewebsites.net/api/digital/asset/get?fileName=pdfs/C15-3LB, -5LB - Glass Bubbles - C15-250-3, -5.pdf",false
7244,506,3,Product Guide,https://v2prodbackend.azurewebsites.net/api/digital/asset/get?fileName=pdfs/Camber Axis Product Guide.pdf,false
26691,18249,5,Cascade Kit FAQ,https://v2prodbackend.azurewebsites.net/api/digital/asset/get?fileName=pdfs/Cascade Kits FAQ_Final.pdf,false
30420,18612,9,Cascade Kits FAQs,https://v2prodbackend.azurewebsites.net/api/digital/asset/get?fileName=pdfs/Cascade%20Kits%20FAQ_Final.pdf,false
401029,18223,8,CD120L Lanyard and Low Profile Screw Instructions,https://v2prodbackend.azurewebsites.net/api/digital/asset/get?fileName=pdfs/cd120l--03092017.pdf,True
403663,19605,5,Product Information,https://v2prodbackend.azurewebsites.net/api/digital/asset/get?fileName=pdfs/Cheetah Xplore Junior Catalog page.pdf,True
406144,19973,5,C-Leg 4 Guard IFU,https://v2prodbackend.azurewebsites.net/api/digital/asset/get?fileName=pdfs/C-Leg_4_Guard_IFU_647G1214.pdf,false
405630,20317,8,C-Leg Tech Tips,https://v2prodbackend.azurewebsites.net/api/digital/asset/get?fileName=pdfs/C-Leg_4-Tech_Tips_v1.pdf,false
405623,20317,2,C-Leg Reimbursement Guide,https://v2prodbackend.azurewebsites.net/api/digital/asset/get?fileName=pdfs/C-Leg_ReimbursementGuidemerged.pdf,false
20201,947,3,Prop 65 Notfication,https://v2prodbackend.azurewebsites.net/api/digital/asset/get?fileName=pdfs/Composite Matrix Hazard Label_FINAL.PDF,false
406586,19303,5,Catalog Page - Without Outer Matrix,https://v2prodbackend.azurewebsites.net/api/digital/asset/get?fileName=pdfs/ContexGel.basic Catalog Page 1.pdf,True
406577,19304,5,Catalog Page - Without Outer Matrix,https://v2prodbackend.azurewebsites.net/api/digital/asset/get?fileName=pdfs/ContexGel.soft+ Catalog Page 1.pdf,false
406576,19304,4,Catalog Page - With Outer Matrix,https://v2prodbackend.azurewebsites.net/api/digital/asset/get?fileName=pdfs/ContexGel.soft+ Catalog Page M.pdf,false
34675,18935,2,Sizing Chart,https://v2prodbackend.azurewebsites.net/api/digital/asset/get?fileName=pdfs/CoolMax Body Sock.pdf,false
34826,18950,2,Sizing Chart,https://v2prodbackend.azurewebsites.net/api/digital/asset/get?fileName=pdfs/Cybertech TriMod Standard.pdf,false
16014,9168,2,Brochure,https://v2prodbackend.azurewebsites.net/api/digital/asset/get?fileName=pdfs/DeRoyal� Ambu� Perfit ACE Extrication Collar Literature Brochure.pdf,false
16015,5592,2,Brochure,https://v2prodbackend.azurewebsites.net/api/digital/asset/get?fileName=pdfs/DeRoyal� Cervical Thoracic Orthosis Spinal Solutions Brochure.pdf,false
21221,11627,4,Product Warranty and Return Policy,https://v2prodbackend.azurewebsites.net/api/digital/asset/get?fileName=pdfs/DJO Warranty & Return Goods Policy.pdf,false
35790,19011,1,Sizing Chart,https://v2prodbackend.azurewebsites.net/api/digital/asset/get?fileName=pdfs/Dorsal Night Splint Sizing Chart.pdf,false
8021,8561,3,Instructions for Use - Duplicating Plastic,https://v2prodbackend.azurewebsites.net/api/digital/asset/get?fileName=pdfs/Duplicating Plastic Instructions.pdf,false
20200,8580,2,Prop 65 Notfication,https://v2prodbackend.azurewebsites.net/api/digital/asset/get?fileName=pdfs/EAR1 Hazard Label_FINAL.PDF,false
20923,15848,2,Product Information,https://v2prodbackend.azurewebsites.net/api/digital/asset/get?fileName=pdfs/Eclipse-SellSheet-PRINT.PDF,false
25981,17987,2,Technical Data,https://v2prodbackend.azurewebsites.net/api/digital/asset/get?fileName=pdfs/ECOFLEX_SERIES_TB.pdf,false
8966,7393,3,Manufacturer Sales Sheet,https://v2prodbackend.azurewebsites.net/api/digital/asset/get?fileName=pdfs/EZ Cover Product Sheet.pdf,false
386858,19299,4,Product Information,"https://v2prodbackend.azurewebsites.net/api/digital/asset/get?fileName=pdfs/Fillauer - Tube Cl, Dual Pyr Rec, Pyl Tube Cl Assy.pdf",false
13659,13101,8,RGO Product Manual,https://v2prodbackend.azurewebsites.net/api/digital/asset/get?fileName=pdfs/fillauer_latchknob_instructions.pdf,True
18087,13241,2,Informative Hook Brochure,https://v2prodbackend.azurewebsites.net/api/digital/asset/get?fileName=pdfs/fillauer_Terminal-Device-Brochure.pdf,True
16281,13130,2,Sizing Chart,https://v2prodbackend.azurewebsites.net/api/digital/asset/get?fileName=pdfs/fla_oaarthiritiskneebrace_sizingchart.pdf,True
16249,11664,2,Sizing Chart,https://v2prodbackend.azurewebsites.net/api/digital/asset/get?fileName=pdfs/fla_prolitedeluxeslingandswathe_sizingchart.pdf,True
27175,18473,2,Product Brochure,https://v2prodbackend.azurewebsites.net/api/digital/asset/get?fileName=pdfs/formfit_pro_knee_OA_brochure.pdf,True
20272,15718,5,Mixing Chart,https://v2prodbackend.azurewebsites.net/api/digital/asset/get?fileName=pdfs/FTS-Restech+MixChart-02-hirez.pdf,false
22383,13705,3,Instructions for Use,https://v2prodbackend.azurewebsites.net/api/digital/asset/get?fileName=pdfs/FusionXT-OA-Plus-1_00574B.pdf,True
26606,18233,2,Product Information,https://v2prodbackend.azurewebsites.net/api/digital/asset/get?fileName=pdfs/H&W Global Knee AC Info.pdf,false
26607,18233,3,Instructions for Use,https://v2prodbackend.azurewebsites.net/api/digital/asset/get?fileName=pdfs/H&W Global Knee AC Instructions.pdf,false
34904,18947,6,Harmony Brochure,https://v2prodbackend.azurewebsites.net/api/digital/asset/get?fileName=pdfs/Harmony-Brochure.PDF,false
7248,418,2,Fabrication Instructions,https://v2prodbackend.azurewebsites.net/api/digital/asset/get?fileName=pdfs/Heavy Duty Lever Release Kit Fabrication Instructions.pdf,false
14546,11690,2,Instructions,https://v2prodbackend.azurewebsites.net/api/digital/asset/get?fileName=pdfs/hely&weber_rapidzapankleorthosis_instructions.pdf,false
14548,11690,4,PDAC Letter,https://v2prodbackend.azurewebsites.net/api/digital/asset/get?fileName=pdfs/hely&weber_rapidzapankleorthosis_pdac.pdf,false
14547,11690,3,Product Information,https://v2prodbackend.azurewebsites.net/api/digital/asset/get?fileName=pdfs/hely&weber_rapidzapankleorthosis_productinformation.pdf,false
7645,266,2,Product Details,https://v2prodbackend.azurewebsites.net/api/digital/asset/get?fileName=pdfs/Hyperextension Brace Brochure.pdf,false
400888,8947,4,Instructions for Use,https://v2prodbackend.azurewebsites.net/api/digital/asset/get?fileName=pdfs/Icelock 100 Series Instructions for use - ICELOCK� ratchet 100 series.pdf,false
401204,20422,7,Catalog Page,https://v2prodbackend.azurewebsites.net/api/digital/asset/get?fileName=pdfs/Icelock�200 Series Catalog page.pdf,false
401205,20422,4,Instructions for Use,https://v2prodbackend.azurewebsites.net/api/digital/asset/get?fileName=pdfs/Icelock�200 Series Instructions for use - Icelock� clutch 211.pdf,false
401261,20426,4,Instructions for Use,https://v2prodbackend.azurewebsites.net/api/digital/asset/get?fileName=pdfs/Icelock�200 Series Instructions for use - Icelock� clutch 4H 214.pdf,false
401360,8948,4,Instructions for Use,https://v2prodbackend.azurewebsites.net/api/digital/asset/get?fileName=pdfs/Icelock�200 Series Instructions for use - ICELOCK� lanyard 4H 234.pdf,false
400908,20380,7,Instructions for Use,https://v2prodbackend.azurewebsites.net/api/digital/asset/get?fileName=pdfs/Icelock�200 Series Instructions for use - Icelock� Stainless Pyramid 273 and Titanium Pyramid 272.pdf,false
401376,8949,7,Catalog Page,https://v2prodbackend.azurewebsites.net/api/digital/asset/get?fileName=pdfs/Icelock�300 Series Catalog page.pdf,false
401378,8949,5,Instructions for Use - Lamination,https://v2prodbackend.azurewebsites.net/api/digital/asset/get?fileName=pdfs/Icelock�300 Series Instructions for use - Icelock Lanyard 331-L.pdf,false
401377,8949,4,Instructions for Use - Thermoplastic,https://v2prodbackend.azurewebsites.net/api/digital/asset/get?fileName=pdfs/Icelock�300 Series Instructions for use - Icelock Lanyard 331-T.pdf,false
401400,8950,7,Catalog Page,https://v2prodbackend.azurewebsites.net/api/digital/asset/get?fileName=pdfs/Icelock�400 Series Catalog page.pdf,false
401401,8950,4,Instructions for Use,https://v2prodbackend.azurewebsites.net/api/digital/asset/get?fileName=pdfs/Icelock�400 Series Instructions for use - Icelock 400 Series.pdf,false
401431,20444,7,Catalog Page,https://v2prodbackend.azurewebsites.net/api/digital/asset/get?fileName=pdfs/Icelock�600 Series Catalog page.pdf,false
401432,20444,4,Instructions for Use,https://v2prodbackend.azurewebsites.net/api/digital/asset/get?fileName=pdfs/Icelock�600 Series Instructions for use - Icelock 621.pdf,false
401469,20445,4,Instructions for Use,https://v2prodbackend.azurewebsites.net/api/digital/asset/get?fileName=pdfs/Icelock�600 Series Instructions for use - Icelock 631 - IFU.pdf,false
401136,20398,7,Instructions for Use,https://v2prodbackend.azurewebsites.net/api/digital/asset/get?fileName=pdfs/Icelock�600 Series Instructions for use - Icelock 673 - 672.pdf,false
401104,20389,7,Instructions for Use,"https://v2prodbackend.azurewebsites.net/api/digital/asset/get?fileName=pdfs/Icelock�600 Series Instructions for use - Icelock 674, Icelock 675.pdf",false
401481,20446,4,Instructions for Use,"https://v2prodbackend.azurewebsites.net/api/digital/asset/get?fileName=pdfs/Icelock�600 Series Instructions for use - Icelock� Smooth, 651.pdf",false
401518,8954,7,Catalog Page,https://v2prodbackend.azurewebsites.net/api/digital/asset/get?fileName=pdfs/Icelock�700 Series Catalog page.pdf,false
401147,20402,7,Instructions for Use\,https://v2prodbackend.azurewebsites.net/api/digital/asset/get?fileName=pdfs/Icelock�700 Series Instructions for use - Icelock Stainless Pyramid 773.pdf,false
401519,8954,4,Instructions for Use,https://v2prodbackend.azurewebsites.net/api/digital/asset/get?fileName=pdfs/Icelock�700 Series Instructions for use - Icelock� Ratchet 721 small.pdf,false
403003,11278,4,Iceross Seal-In X TF Catalog Page,https://v2prodbackend.azurewebsites.net/api/digital/asset/get?fileName=pdfs/Iceross%20Seal-In%20X%20TF%20Catalog%20Page.pdf,false
389565,9017,7,Instructions for Use,https://v2prodbackend.azurewebsites.net/api/digital/asset/get?fileName=pdfs/IFU - A-114040.pdf,false
389559,8972,7,Instructions for Use,https://v2prodbackend.azurewebsites.net/api/digital/asset/get?fileName=pdfs/IFU - A-712020.pdf,false
389576,9029,7,Instructions for Use,https://v2prodbackend.azurewebsites.net/api/digital/asset/get?fileName=pdfs/IFU - AJ-242100.pdf,false
7219,6113,3,Compression Garment FAQs,https://v2prodbackend.azurewebsites.net/api/digital/asset/get?fileName=pdfs/Juzo Compression FAQs.pdf,false
16990,5396,2,Sizing Chart,https://v2prodbackend.azurewebsites.net/api/digital/asset/get?fileName=pdfs/juzo_arm & glove_1216.pdf,false
7651,3005,2,Product Details,https://v2prodbackend.azurewebsites.net/api/digital/asset/get?fileName=pdfs/Lenox Hill Brochure.pdf,false
7249,362,4,Fitting Instructions,https://v2prodbackend.azurewebsites.net/api/digital/asset/get?fileName=pdfs/Lerman HARO 2000 Fitting Instructions.pdf,false
7250,3648,2,Fitting Instructions,https://v2prodbackend.azurewebsites.net/api/digital/asset/get?fileName=pdfs/Lerman Noninvasive Pediatric Halo Fitting Instructions.pdf,false
4548,4561,2,MSDS Sheet,https://v2prodbackend.azurewebsites.net/api/digital/asset/get?fileName=pdfs/lohmann&rauscher_cellonaplasterbandages_msds.pdf,false
25851,17919,2,Sizing Chart,https://v2prodbackend.azurewebsites.net/api/digital/asset/get?fileName=pdfs/lohmannandrauscher_epxhingedkneesupport_sizingchart.pdf,false
405506,18232,3,Product Brochure,https://v2prodbackend.azurewebsites.net/api/digital/asset/get?fileName=pdfs/lw-mf-atk-premium-series_COS.pdf,True
7256,2266,3,Fitting Instructions,https://v2prodbackend.azurewebsites.net/api/digital/asset/get?fileName=pdfs/Maple Leaf Orthosis Fitting Instructions.pdf,false
24000,17124,2,Sizing Chart,https://v2prodbackend.azurewebsites.net/api/digital/asset/get?fileName=pdfs/medicalspecialties_gripper2hingedkneebracewithneoprene.pdf,false
24009,17132,2,Sizing Chart,https://v2prodbackend.azurewebsites.net/api/digital/asset/get?fileName=pdfs/medicalspecialties_UniversalV-StrapTM1012_sizingchart.pdf,false
22910,16663,7,Catalog page,https://v2prodbackend.azurewebsites.net/api/digital/asset/get?fileName=pdfs/Miami LSO� Catalog page.pdf,false
22909,16663,6,PDAC Letters,https://v2prodbackend.azurewebsites.net/api/digital/asset/get?fileName=pdfs/Miami LSO� PDAC.pdf,false
22905,16663,2,Brochure,https://v2prodbackend.azurewebsites.net/api/digital/asset/get?fileName=pdfs/Miami_LSO_Brochure_FINAL.PDF,false
22908,16663,5,Instructions for use,https://v2prodbackend.azurewebsites.net/api/digital/asset/get?fileName=pdfs/MLSO IFU.PDF,false
405624,20317,3,C-Leg Service Pass (Warranty and Service),https://v2prodbackend.azurewebsites.net/api/digital/asset/get?fileName=pdfs/MPK_Warranty_Brochure(merged).pdf,false
20905,15836,1,MSDS Sheet,https://v2prodbackend.azurewebsites.net/api/digital/asset/get?fileName=pdfs/MSDS Loctite 79288502.PDF,false
546,2707,1,MSDS Sheet,https://v2prodbackend.azurewebsites.net/api/digital/asset/get?fileName=pdfs/MSDS101-PAT-Q-G_3MPolyAdhesiveThinner8pages.pdf,True
20199,14874,2,Prop 65 Notfication,https://v2prodbackend.azurewebsites.net/api/digital/asset/get?fileName=pdfs/NANO Hazard Label_FINAL.PDF,false
404238,1589,5,product Information,https://v2prodbackend.azurewebsites.net/api/digital/asset/get?fileName=pdfs/Natural with Pyramid Catalog Page.pdf,True
7171,6456,3,Manufacturer Sales Sheet,https://v2prodbackend.azurewebsites.net/api/digital/asset/get?fileName=pdfs/Neoprene Back Brace Sales Sheet.pdf,false
7373,5319,2,Application Instructions,https://v2prodbackend.azurewebsites.net/api/digital/asset/get?fileName=pdfs/OA Knee Application Instructions.pdf,false
7374,5319,3,Literature Sheet,https://v2prodbackend.azurewebsites.net/api/digital/asset/get?fileName=pdfs/OA Knee Literature Sheet.pdf,false
7257,505,2,Fabrication Instructions,https://v2prodbackend.azurewebsites.net/api/digital/asset/get?fileName=pdfs/Oklahoma Ankle Joint Fabrication Instructions.pdf,false
399261,15586,3,Patient Criteria,"https://v2prodbackend.azurewebsites.net/api/digital/asset/get?fileName=pdfs/One%20TT%20System,%20Patient%20Criteria%20%20PN-2519-A.pdf",false
17655,4996,4,Fitting Instructions PrimoEdge TLSO ATE,https://v2prodbackend.azurewebsites.net/api/digital/asset/get?fileName=pdfs/optec_edgesllso&tlso_instructions.pdf,false
17656,4996,5,Fitting Instructions PrimoEdge TLSO DLK,https://v2prodbackend.azurewebsites.net/api/digital/asset/get?fileName=pdfs/optec_edgesllso&tlso_instructions2.pdf,false
17657,4996,6,Fitting Instructions PrimoEdge,https://v2prodbackend.azurewebsites.net/api/digital/asset/get?fileName=pdfs/optec_edgesllso&tlso_instructions3.pdf,false
17658,4996,7,Order Form,https://v2prodbackend.azurewebsites.net/api/digital/asset/get?fileName=pdfs/optec_edgesllso&tlso_orderform.pdf,false
17654,4996,3,PDAC Approval Letters,https://v2prodbackend.azurewebsites.net/api/digital/asset/get?fileName=pdfs/optec_edgesllso&tlso_pdac.pdf,false
17653,4996,2,Product Brochure,https://v2prodbackend.azurewebsites.net/api/digital/asset/get?fileName=pdfs/optec_edgesllso&tlso_salessheeet.pdf,false
14045,3729,4,Order Form,https://v2prodbackend.azurewebsites.net/api/digital/asset/get?fileName=pdfs/Optec_EvotecLSO_OrderForm.pdf,false
16533,13370,6,Warranty Information,https://v2prodbackend.azurewebsites.net/api/digital/asset/get?fileName=pdfs/Orfitrans Product Warranty O&P ---North America.pdf,false
35043,18969,2,Sizing Chart,https://v2prodbackend.azurewebsites.net/api/digital/asset/get?fileName=pdfs/Original Cybertech Low Pro 8in Sizing Chart.pdf,false
23961,17101,2,Sizing Chart,https://v2prodbackend.azurewebsites.net/api/digital/asset/get?fileName=pdfs/ortho-care_thighsupport_sizingchart.pdf,True
402444,14615,7,Instructions for Use,https://v2prodbackend.azurewebsites.net/api/digital/asset/get?fileName=pdfs/osborn%20std%20Rooke%20BK%20IFU%20New%205-15.pdf,True
389587,8993,7,Instructions for Use,https://v2prodbackend.azurewebsites.net/api/digital/asset/get?fileName=pdfs/Ossur%20A-245100%20-%20Instructions%20for%20Use.pdf,True
13938,3947,6,Instructions for Use,https://v2prodbackend.azurewebsites.net/api/digital/asset/get?fileName=pdfs/ossur_AFOLeafSpringIFU.PDF,false
8379,3947,2,PDAC Letter,https://v2prodbackend.azurewebsites.net/api/digital/asset/get?fileName=pdfs/ossur_AFOLeafSpringL1930PDAC.PDF,false
8380,3948,2,PDAC Letter,https://v2prodbackend.azurewebsites.net/api/digital/asset/get?fileName=pdfs/ossur_AFOLightL1930PDAC.PDF,false
17394,3949,6,Equalizer Air Walker PDAC - PDAC - Equalizer Airwalker L4360,https://v2prodbackend.azurewebsites.net/api/digital/asset/get?fileName=pdfs/ossur_equalizerairwalker_pdac2.pdf,false
17208,14538,2,Instructions for Use,https://v2prodbackend.azurewebsites.net/api/digital/asset/get?fileName=pdfs/ossur_Female PylonKit2long_instructions.pdf,false
17090,3898,3,Figure 8 Clavicle Splint Instructions for use,https://v2prodbackend.azurewebsites.net/api/digital/asset/get?fileName=pdfs/ossur_figure8claviclesplint_instructions.pdf,True
406609,9647,7,Instructions for Use,https://v2prodbackend.azurewebsites.net/api/digital/asset/get?fileName=pdfs/ossur_flex-footassure_instructions.PDF,false
403713,8932,7,Instructions for Use,https://v2prodbackend.azurewebsites.net/api/digital/asset/get?fileName=pdfs/ossur_flex-footbalance&k2_instructions.pdf,false
404151,8938,5,Product Information,https://v2prodbackend.azurewebsites.net/api/digital/asset/get?fileName=pdfs/ossur_flex-footcheetah_catalog.pdf,True
404149,8938,7,Instructions for Use,https://v2prodbackend.azurewebsites.net/api/digital/asset/get?fileName=pdfs/ossur_flex-footcheetah_instructions.pdf,True
404011,8941,7,Instructions for Use,https://v2prodbackend.azurewebsites.net/api/digital/asset/get?fileName=pdfs/ossur_flex-symes_instructions.pdf,True
17122,3931,4,Form Fit Ankle Instructions for use,https://v2prodbackend.azurewebsites.net/api/digital/asset/get?fileName=pdfs/ossur_formfitankle_instructions.pdf,True
5254,4014,2,Form Fit Wrist & Forearm Catalog page,https://v2prodbackend.azurewebsites.net/api/digital/asset/get?fileName=pdfs/ossur_formfitwristandforearm_catalog.pdf,True
17132,4014,3,Form Fit Wrist & Forearm Instructions for use,https://v2prodbackend.azurewebsites.net/api/digital/asset/get?fileName=pdfs/ossur_formfitwristandforearm_instructions.pdf,True
17088,3899,3,Front Closure Clavicle Support Instructions for use,https://v2prodbackend.azurewebsites.net/api/digital/asset/get?fileName=pdfs/ossur_frontclosureclaviclesupport_instructions.pdf,True
2108,3922,2,Innovator Catalog page,https://v2prodbackend.azurewebsites.net/api/digital/asset/get?fileName=pdfs/ossur_innovator_catalog.pdf,True
403571,19514,4,Product Information,https://v2prodbackend.azurewebsites.net/api/digital/asset/get?fileName=pdfs/ossur_lpvari-flex_catalog.pdf,True
404007,8927,7,Instructions for Use,https://v2prodbackend.azurewebsites.net/api/digital/asset/get?fileName=pdfs/ossur_lpvari-flex_instructions.pdf,True
9923,10397,2,PDAC Letter,https://v2prodbackend.azurewebsites.net/api/digital/asset/get?fileName=pdfs/Ossur_MiamiLumbarPosteo_PDAC.pdf,false
13947,7810,6,Catalog Page,https://v2prodbackend.azurewebsites.net/api/digital/asset/get?fileName=pdfs/Ossur_MiamiLumbarTLSO_CatalogPage.pdf,True
13946,7810,5,Miami Lumbar Information Sheet,https://v2prodbackend.azurewebsites.net/api/digital/asset/get?fileName=pdfs/Ossur_MiamiLumbarTLSO_InformationSheet.pdf,True
404042,14287,4,Product Brochure,https://v2prodbackend.azurewebsites.net/api/digital/asset/get?fileName=pdfs/ossur_pro-flexlp_brochure.pdf,True
404041,14287,7,Instructions for Use,https://v2prodbackend.azurewebsites.net/api/digital/asset/get?fileName=pdfs/ossur_pro-flexlp_instructions.pdf,True
403940,8919,7,Instructions for Use,https://v2prodbackend.azurewebsites.net/api/digital/asset/get?fileName=pdfs/ossur_re-flexrotatewithevo_instructions.pdf,True
15873,242,5,Philadelphia� Tracheotomy Collar Instructions for use,https://v2prodbackend.azurewebsites.net/api/digital/asset/get?fileName=pdfs/ossur_tracheotomyphiadelphiacollar_instructions.pdf,True
17180,8467,5,Unloader One Plus Instructions for use,https://v2prodbackend.azurewebsites.net/api/digital/asset/get?fileName=pdfs/ossur_unloaderoneplus_instructions.pdf,True
16017,11292,3,Catalog Page,https://v2prodbackend.azurewebsites.net/api/digital/asset/get?fileName=pdfs/Ossur� NecLoc� Extrication Collar Catalog Page.pdf,false
3329,3900,2,Instructions for Use,https://v2prodbackend.azurewebsites.net/api/digital/asset/get?fileName=pdfs/Ossur� NecLoc� Extrication Collar Instructions for Use.pdf,false
16019,7572,2,Catalog Page,https://v2prodbackend.azurewebsites.net/api/digital/asset/get?fileName=pdfs/Ossur� Occian� Back Catalog Page.pdf,false
16020,7572,3,Instructions for Use,https://v2prodbackend.azurewebsites.net/api/digital/asset/get?fileName=pdfs/Ossur� Occian� Back Instructions for Use.pdf,false
15867,11292,2,Instructions for use,https://v2prodbackend.azurewebsites.net/api/digital/asset/get?fileName=pdfs/Ossur� Patriot� Collar Instructions for Use.pdf,false
18101,11905,2,Application and temperature recommendations for thermoplastics,https://v2prodbackend.azurewebsites.net/api/digital/asset/get?fileName=pdfs/ottobck_thermolynevaldpesilvershieldnatural_salessheet.pdf,True
35322,13546,7,Instructions for Use,https://v2prodbackend.azurewebsites.net/api/digital/asset/get?fileName=pdfs/Ottobock%202WR95%20-%20Instructions%20for%20Use.pdf,True
33175,11009,4,Product Information,https://v2prodbackend.azurewebsites.net/api/digital/asset/get?fileName=pdfs/ottobock%20Lower%20Limb%20Adapters%20-%20Catalog%20Page.pdf,True
12978,10977,2,Product Information,https://v2prodbackend.azurewebsites.net/api/digital/asset/get?fileName=pdfs/ottobock_50s3_salessheet.pdf,True
23020,16678,2,Technical Specifications,https://v2prodbackend.azurewebsites.net/api/digital/asset/get?fileName=pdfs/ottobock_bitWrenchSize.pdf,True
18025,14816,2,29S35 - Instructions for Use,https://v2prodbackend.azurewebsites.net/api/digital/asset/get?fileName=pdfs/ottobock_healwedge_instructions.pdf,false
18148,10932,2,Safety Data Sheet,https://v2prodbackend.azurewebsites.net/api/digital/asset/get?fileName=pdfs/ottobock_nylglassstockinettewhite_msds.pdf,True
21749,4683,3,Sizing Chart,https://v2prodbackend.azurewebsites.net/api/digital/asset/get?fileName=pdfs/ottobock_sibelt_sizingchart.pdf,True
23013,13883,2,Sizing Chart,https://v2prodbackend.azurewebsites.net/api/digital/asset/get?fileName=pdfs/ottobock_x-prosportsbrace_sizingchart.pdf,True
7231,6120,2,PDAC Letter,https://v2prodbackend.azurewebsites.net/api/digital/asset/get?fileName=pdfs/PDAC - 100 - L0466.pdf,false
7229,2583,2,PDAC Letter,https://v2prodbackend.azurewebsites.net/api/digital/asset/get?fileName=pdfs/PDAC - 101 - L0468.pdf,false
7228,287,3,PDAC Letter,https://v2prodbackend.azurewebsites.net/api/digital/asset/get?fileName=pdfs/PDAC - 106 - L0633.pdf,false
7232,6130,2,PDAC Letter,https://v2prodbackend.azurewebsites.net/api/digital/asset/get?fileName=pdfs/PDAC - 108 - L0635.pdf,false
7937,8588,2,PDAC Letter,https://v2prodbackend.azurewebsites.net/api/digital/asset/get?fileName=pdfs/PDAC - 1211 - L4360.pdf,false
7197,4138,3,PDAC Letter,https://v2prodbackend.azurewebsites.net/api/digital/asset/get?fileName=pdfs/PDAC - 22-470 - L3908.pdf,false
8780,9270,2,PDAC Letter,https://v2prodbackend.azurewebsites.net/api/digital/asset/get?fileName=pdfs/PDAC - 3077 - L1843.pdf,false
8781,9271,2,PDAC Letter,https://v2prodbackend.azurewebsites.net/api/digital/asset/get?fileName=pdfs/PDAC - 3095 - L1832.pdf,false
7193,6769,2,PDAC Letter,https://v2prodbackend.azurewebsites.net/api/digital/asset/get?fileName=pdfs/PDAC - 37-450 - L1832.pdf,false
9690,10134,3,PDAC Letter,https://v2prodbackend.azurewebsites.net/api/digital/asset/get?fileName=pdfs/PDAC - 4137-6137 - L1820.pdf,false
9692,10135,3,PDAC Letter,https://v2prodbackend.azurewebsites.net/api/digital/asset/get?fileName=pdfs/PDAC - 4138-6138 - L1820.pdf,false
7281,3128,1,PDAC Letter,https://v2prodbackend.azurewebsites.net/api/digital/asset/get?fileName=pdfs/PDAC - 464-GHS - K0637.pdf,false
7283,3130,2,PDAC Letter,https://v2prodbackend.azurewebsites.net/api/digital/asset/get?fileName=pdfs/PDAC - 465-HS - K0637.pdf,false
7284,3131,2,PDAC Letter,https://v2prodbackend.azurewebsites.net/api/digital/asset/get?fileName=pdfs/PDAC - 465-VHS - K0637.pdf,false
7285,3135,1,PDAC Letter,https://v2prodbackend.azurewebsites.net/api/digital/asset/get?fileName=pdfs/PDAC - 486-HS - L0450.pdf,false
7276,4079,2,PDAC Letter,https://v2prodbackend.azurewebsites.net/api/digital/asset/get?fileName=pdfs/PDAC - 643-VHS - L0625.pdf,false
9545,10022,2,PDAC Letter,https://v2prodbackend.azurewebsites.net/api/digital/asset/get?fileName=pdfs/PDAC - 984200 - L0180.pdf,false
9694,5199,3,PDAC Letter,https://v2prodbackend.azurewebsites.net/api/digital/asset/get?fileName=pdfs/PDAC - BackFlex - L0627.pdf,false
9696,5237,3,PDAC Letter,https://v2prodbackend.azurewebsites.net/api/digital/asset/get?fileName=pdfs/PDAC - BackFlex Plus - L0631.pdf,false
9700,10125,3,PDAC Letter,https://v2prodbackend.azurewebsites.net/api/digital/asset/get?fileName=pdfs/PDAC - Baja631 - L0631.pdf,false
9708,5217,3,PDAC Letter,https://v2prodbackend.azurewebsites.net/api/digital/asset/get?fileName=pdfs/PDAC - Gladiator - L1832.pdf,false
7226,267,3,PDAC Letter,https://v2prodbackend.azurewebsites.net/api/digital/asset/get?fileName=pdfs/PDAC - L-25 - L0472.pdf,false
7230,3646,3,PDAC Letter,https://v2prodbackend.azurewebsites.net/api/digital/asset/get?fileName=pdfs/PDAC - L26 - L0472.pdf,false
7227,269,3,PDAC Letter,https://v2prodbackend.azurewebsites.net/api/digital/asset/get?fileName=pdfs/PDAC - Q27A - L0472.pdf,false
6976,7198,3,PDAC Letter - X4,https://v2prodbackend.azurewebsites.net/api/digital/asset/get?fileName=pdfs/PDAC - STX4 - L0637.pdf,false
6974,5014,2,PDAC Letter,https://v2prodbackend.azurewebsites.net/api/digital/asset/get?fileName=pdfs/PDAC - VML - L0627.pdf,false
10584,10789,2,PDAC Letter,https://v2prodbackend.azurewebsites.net/api/digital/asset/get?fileName=pdfs/PDAC LETTER CODING VERIFICATION--34861034--.pdf,false
407100,18476,4,PDAC Letter,https://v2prodbackend.azurewebsites.net/api/digital/asset/get?fileName=pdfs/PDAC%20Letter%20-%20VIP.pdf,True
26566,18227,5,PDAC Letter,https://v2prodbackend.azurewebsites.net/api/digital/asset/get?fileName=pdfs/PDAC_SLEEQMax-L0464.pdf,True
405110,16334,5,Product Information,https://v2prodbackend.azurewebsites.net/api/digital/asset/get?fileName=pdfs/PN20209_OH7_Knee.pdf,True
25530,7211,3,Application Instructions,https://v2prodbackend.azurewebsites.net/api/digital/asset/get?fileName=pdfs/pp_10ineconomypost-opabdominalbinder_instructions.pdf,True
25558,17770,2,Sizing Chart,https://v2prodbackend.azurewebsites.net/api/digital/asset/get?fileName=pdfs/pp_9ineconomybariatricabdominalbinderxxl_sizingchart.pdf,false
26183,18079,4,Single Opening PDAC Letter,https://v2prodbackend.azurewebsites.net/api/digital/asset/get?fileName=pdfs/Prefab SALO LSO Single Opening PDAC APP L0637.PDF,false
19974,15606,2,Sizing Chart,https://v2prodbackend.azurewebsites.net/api/digital/asset/get?fileName=pdfs/Preggers_15-20_tights_size_chart.pdf,True
404584,18725,7,Instructions for Use,https://v2prodbackend.azurewebsites.net/api/digital/asset/get?fileName=pdfs/ProCarve IFU.pdf,True
406818,18746,5,Instructions for Use,https://v2prodbackend.azurewebsites.net/api/digital/asset/get?fileName=pdfs/Prosedo IFU.pdf,True
406402,17845,7,Instructions for Use,https://v2prodbackend.azurewebsites.net/api/digital/asset/get?fileName=pdfs/ProtectOR%20Instructions.PDF,false
406954,14436,4,Catalog Page,https://v2prodbackend.azurewebsites.net/api/digital/asset/get?fileName=pdfs/Proteor%20-%201D52-P6%20UK.pdf,True
26898,18377,5,Sizing Chart,https://v2prodbackend.azurewebsites.net/api/digital/asset/get?fileName=pdfs/Quantum_OA_Sizing Chart.jpg,false
8090,7206,3,Rebound Air Walker PDAC - PDAC - Rebound Air Walker - L4360,https://v2prodbackend.azurewebsites.net/api/digital/asset/get?fileName=pdfs/Rebound Air Walker PDAC - PDAC - Rebound Air Walker - L4360.pdf,false
8089,8683,2,Rebound Air Walker PDAC - PDAC - Rebound Air Walker Low Top - L4360,https://v2prodbackend.azurewebsites.net/api/digital/asset/get?fileName=pdfs/Rebound Air Walker PDAC - PDAC - Rebound Air Walker Low Top - L4360.pdf,false
17146,14499,2,Cross-Reference Chart,https://v2prodbackend.azurewebsites.net/api/digital/asset/get?fileName=pdfs/regal_malesiliconegloveswithinnerfoamhandconnector_chart.pdf,false
17145,14499,1,Sizing Chart,https://v2prodbackend.azurewebsites.net/api/digital/asset/get?fileName=pdfs/regal_malesiliconegloveswithinnerfoamhandconnector_sizingchart.pdf,false
20271,15718,4,Amine Hardener MSDS Sheet,https://v2prodbackend.azurewebsites.net/api/digital/asset/get?fileName=pdfs/RES3B- Part B SDS.PDF,false
24692,17368,2,Rolyan Progressive Palm Protector Instructions,https://v2prodbackend.azurewebsites.net/api/digital/asset/get?fileName=pdfs/RolyanProgressivePalmProtectorInstructions.pdf,false
406298,10796,7,Instructions for Use,https://v2prodbackend.azurewebsites.net/api/digital/asset/get?fileName=pdfs/SACH+ - IFU.pdf,false
7258,4411,2,Fabrication Instructions,https://v2prodbackend.azurewebsites.net/api/digital/asset/get?fileName=pdfs/SC-43 Fitting and Fabrication Instructions.pdf,false
8681,9212,1,Scientific Rational for Use,https://v2prodbackend.azurewebsites.net/api/digital/asset/get?fileName=pdfs/Scientific Rationale.pdf,false
7247,510,2,Fabrication Instructions,https://v2prodbackend.azurewebsites.net/api/digital/asset/get?fileName=pdfs/Scotty Free Motion Ankle Joint Fabrication Instructions.pdf,false
404528,18721,4,Safety Data Sheet,"https://v2prodbackend.azurewebsites.net/api/digital/asset/get?fileName=pdfs/SDS WP002 1S, 1A, 1H, 1P.pdf",false
818,952,1,COE TRAY PLASTIC: Fast Liquid SDS,"https://v2prodbackend.azurewebsites.net/api/digital/asset/get?fileName=pdfs/SDS_COE TRAY PLASTIC (Liquid, Set Fast).pdf",false
7095,4965,3,Manufacturer Sales Sheet,https://v2prodbackend.azurewebsites.net/api/digital/asset/get?fileName=pdfs/Seattle Catalyst-Catalyst 9 Sales Sheet.pdf,false
7259,748,4,Product Guide,https://v2prodbackend.azurewebsites.net/api/digital/asset/get?fileName=pdfs/ShearBAN 749 Series Product Guide.pdf,false
22985,8375,2,Sizing Chart,https://v2prodbackend.azurewebsites.net/api/digital/asset/get?fileName=pdfs/Shell-air-ankle-walker.pdf,True
20240,15704,2,Catalog,https://v2prodbackend.azurewebsites.net/api/digital/asset/get?fileName=pdfs/Silipos Active Catalog.pdf,True
20108,10129,2,Sizing Chart,https://v2prodbackend.azurewebsites.net/api/digital/asset/get?fileName=pdfs/sizing-chart_trilok.pdf,True
26005,17995,2,Technical Data,https://v2prodbackend.azurewebsites.net/api/digital/asset/get?fileName=pdfs/smooth-on_EA40_instructions.pdf,True
13459,13880,2,Spine Line Brochure,https://v2prodbackend.azurewebsites.net/api/digital/asset/get?fileName=pdfs/Spine Line Brochure 2018 for O&P - 14502.pdf,false
27016,18399,2,Product Brochure,https://v2prodbackend.azurewebsites.net/api/digital/asset/get?fileName=pdfs/SpryStep%20Brochure%202019.pdf,True
7573,7983,2,Product Details,https://v2prodbackend.azurewebsites.net/api/digital/asset/get?fileName=pdfs/SSN_adjpylon.pdf,false
4466,5026,2,Product Details,https://v2prodbackend.azurewebsites.net/api/digital/asset/get?fileName=pdfs/SSN_apisM.pdf,false
4446,5022,2,Product Details,https://v2prodbackend.azurewebsites.net/api/digital/asset/get?fileName=pdfs/SSN_apisW.pdf,false
4386,5005,2,Product Details,https://v2prodbackend.azurewebsites.net/api/digital/asset/get?fileName=pdfs/SSN_bracepads.pdf,false
4388,5006,2,Product Details,https://v2prodbackend.azurewebsites.net/api/digital/asset/get?fileName=pdfs/SSN_carpalgel.pdf,false
4294,4965,2,Product Details,https://v2prodbackend.azurewebsites.net/api/digital/asset/get?fileName=pdfs/SSN_catalyst9.pdf,false
4546,4559,2,Product Details,https://v2prodbackend.azurewebsites.net/api/digital/asset/get?fileName=pdfs/SSN_cellona.pdf,false
7401,8001,2,Product Details,https://v2prodbackend.azurewebsites.net/api/digital/asset/get?fileName=pdfs/SSN_c-form.pdf,false
7323,6709,4,Product Details,https://v2prodbackend.azurewebsites.net/api/digital/asset/get?fileName=pdfs/SSN_combo.pdf,false
4552,5114,2,Product Details,https://v2prodbackend.azurewebsites.net/api/digital/asset/get?fileName=pdfs/SSN_DermaFlex.pdf,false
4384,4834,1,Product Details,https://v2prodbackend.azurewebsites.net/api/digital/asset/get?fileName=pdfs/SSN_dobbs.pdf,false
7325,7393,2,Product Details,https://v2prodbackend.azurewebsites.net/api/digital/asset/get?fileName=pdfs/SSN_EZcover.pdf,false
310,2287,1,Product Details,https://v2prodbackend.azurewebsites.net/api/digital/asset/get?fileName=pdfs/SSN_FOquickfit.pdf,false
8741,9212,2,Product Details,https://v2prodbackend.azurewebsites.net/api/digital/asset/get?fileName=pdfs/SSN_HDCdiaper.pdf,false
3967,4766,2,Product Details,https://v2prodbackend.azurewebsites.net/api/digital/asset/get?fileName=pdfs/SSN_joslin.pdf,false
205,1774,1,Product Details,https://v2prodbackend.azurewebsites.net/api/digital/asset/get?fileName=pdfs/SSN_juzoshrink.pdf,True
652,2101,1,Product Details,https://v2prodbackend.azurewebsites.net/api/digital/asset/get?fileName=pdfs/SSN_miami.pdf,false
7332,5835,2,Product Details,https://v2prodbackend.azurewebsites.net/api/digital/asset/get?fileName=pdfs/SSN_miamilumbar.pdf,false
4286,4963,2,Product Details,https://v2prodbackend.azurewebsites.net/api/digital/asset/get?fileName=pdfs/SSN_MX600.pdf,false
4353,4979,2,Product Details,https://v2prodbackend.azurewebsites.net/api/digital/asset/get?fileName=pdfs/SSN_OI_PSwrist.pdf,false
7335,7206,2,Product Details,https://v2prodbackend.azurewebsites.net/api/digital/asset/get?fileName=pdfs/SSN_reboundwlkr.pdf,false
4444,5062,2,Product Details,https://v2prodbackend.azurewebsites.net/api/digital/asset/get?fileName=pdfs/SSN_RTINS.pdf,false
4368,4993,1,Product Details,https://v2prodbackend.azurewebsites.net/api/digital/asset/get?fileName=pdfs/SSN_SkinergyPlus.pdf,false
184,673,1,Product Details,https://v2prodbackend.azurewebsites.net/api/digital/asset/get?fileName=pdfs/SSN_SOaetrexD.pdf,false
191,684,1,Product Details,https://v2prodbackend.azurewebsites.net/api/digital/asset/get?fileName=pdfs/SSN_socks.pdf,True
4290,4160,2,Product Details,https://v2prodbackend.azurewebsites.net/api/digital/asset/get?fileName=pdfs/SSN_spinomed.pdf,false
4292,4964,2,Product Details,https://v2prodbackend.azurewebsites.net/api/digital/asset/get?fileName=pdfs/SSN_T-Strap.pdf,false
401872,6361,8,Catalog Page,https://v2prodbackend.azurewebsites.net/api/digital/asset/get?fileName=pdfs/ST&G - Locks -Catalog.pdf,false
37695,8855,2,Product Information,https://v2prodbackend.azurewebsites.net/api/digital/asset/get?fileName=pdfs/ST&G Adapters.pdf,false
380599,19166,4,Product Information,https://v2prodbackend.azurewebsites.net/api/digital/asset/get?fileName=pdfs/ST&G BK Kit.pdf,false
380522,6356,4,Product Information,https://v2prodbackend.azurewebsites.net/api/digital/asset/get?fileName=pdfs/ST&G Dbl End Adpt with Pyr.pdf,false
380576,6341,4,Product Information,https://v2prodbackend.azurewebsites.net/api/digital/asset/get?fileName=pdfs/ST&G Dbl End Adpt.pdf,false
380849,16119,4,Product Information,https://v2prodbackend.azurewebsites.net/api/digital/asset/get?fileName=pdfs/ST&G EZ Adapt Series.pdf,false
380112,9398,4,Product Information,https://v2prodbackend.azurewebsites.net/api/digital/asset/get?fileName=pdfs/ST&G Pediatric Catalog.pdf,false
37398,8847,4,Catalog Page,https://v2prodbackend.azurewebsites.net/api/digital/asset/get?fileName=pdfs/ST&G Pylon.pdf,false
37908,8852,4,Product Information,https://v2prodbackend.azurewebsites.net/api/digital/asset/get?fileName=pdfs/ST&G Rotating Base - Catalog Page.pdf,false
398417,9367,7,Instructions for Use,https://v2prodbackend.azurewebsites.net/api/digital/asset/get?fileName=pdfs/ST&G%203201%20-%20Instructions%20for%20Use.pdf,false
398415,9368,7,Instructions for Use,https://v2prodbackend.azurewebsites.net/api/digital/asset/get?fileName=pdfs/ST&G%203202%20-%20Instructions%20for%20Use.pdf,false
37330,7385,4,Product Information,https://v2prodbackend.azurewebsites.net/api/digital/asset/get?fileName=pdfs/ST&G%204-Hole%20Connector%20-%20Catalog%20Page.pdf,false
380854,8846,4,Product Information,https://v2prodbackend.azurewebsites.net/api/digital/asset/get?fileName=pdfs/ST&G%204-Hole%20Foam%20Block%20-%20Catalog.pdf,false
381054,9395,7,Instructions for Use,https://v2prodbackend.azurewebsites.net/api/digital/asset/get?fileName=pdfs/ST&G%20P211A%20-%20Instructions%20for%20Use.pdf,false
381082,9396,7,Instructions for Use,https://v2prodbackend.azurewebsites.net/api/digital/asset/get?fileName=pdfs/ST&G%20P212A%20-%20Instructions%20for%20Use.pdf,false
380905,9397,7,Instructions for Use,https://v2prodbackend.azurewebsites.net/api/digital/asset/get?fileName=pdfs/ST&G%20P220A%20-%20Instructions%20for%20Use.pdf,false
79933,19126,4,Product Information,https://v2prodbackend.azurewebsites.net/api/digital/asset/get?fileName=pdfs/ST&G%20Rotating%20Adapters.pdf,false
37328,7385,2,Torque Values,https://v2prodbackend.azurewebsites.net/api/digital/asset/get?fileName=pdfs/ST&G%20Torque%20Values.pdf,false
401871,6361,4,Product Information,https://v2prodbackend.azurewebsites.net/api/digital/asset/get?fileName=pdfs/ST&G_3140_salessheet.pdf,false
401999,14424,7,Product Information,https://v2prodbackend.azurewebsites.net/api/digital/asset/get?fileName=pdfs/standg_mechanicalmaglock2.0.PDF,false
15802,12112,2,Fitting Instructions,https://v2prodbackend.azurewebsites.net/api/digital/asset/get?fileName=pdfs/standg_zerogboot_instructions.pdf,True
25413,12112,9,Product Information,https://v2prodbackend.azurewebsites.net/api/digital/asset/get?fileName=pdfs/standg_zerogboot_salessheet.pdf,True
26190,18080,4,Order Form,https://v2prodbackend.azurewebsites.net/api/digital/asset/get?fileName=pdfs/STOCK Order Form_8 2_2.pdf,True
24587,17327,2,Sizing Chart,https://v2prodbackend.azurewebsites.net/api/digital/asset/get?fileName=pdfs/sully-shoulder-stabilizer-size-chart.pdf,True
4589,2158,2,Fabrication Guide,https://v2prodbackend.azurewebsites.net/api/digital/asset/get?fileName=pdfs/Tamarack-740-Series-Guide.pdf,false
403486,10288,5,Resource Page,https://v2prodbackend.azurewebsites.net/api/digital/asset/get?fileName=pdfs/tamarak_glidewearlinerpatch_ResoucePage.pdf,True
20050,15630,2,Sizing Chart,https://v2prodbackend.azurewebsites.net/api/digital/asset/get?fileName=pdfs/Therafirm_20-30_womens_trouser_sock.1.17.pdf,True
7557,8149,2,Spine Line Catalog,https://v2prodbackend.azurewebsites.net/api/digital/asset/get?fileName=pdfs/The-Spine-Line-Catalog-14145.pdf,True
27121,18443,4,Instructions for Use - TLSO 456,https://v2prodbackend.azurewebsites.net/api/digital/asset/get?fileName=pdfs/TLSO 456 IFU.pdf,True
404398,18731,7,Instructions for Use,"https://v2prodbackend.azurewebsites.net/api/digital/asset/get?fileName=pdfs/Triton 1C60, 1C63, 1C64 IFU.pdf",false
404402,18731,8,Body Weight and Foot Size Chart,https://v2prodbackend.azurewebsites.net/api/digital/asset/get?fileName=pdfs/Triton Body Weight and Foot Size Chart.pdf,True
7277,290,2,SADMERC Letter,https://v2prodbackend.azurewebsites.net/api/digital/asset/get?fileName=pdfs/Truform Chairback Orthosis - K0642.pdf,false
9172,4234,2,Model Specifications,https://v2prodbackend.azurewebsites.net/api/digital/asset/get?fileName=pdfs/Truform Trusses.pdf,false
25285,17663,2,Sizing Chart,https://v2prodbackend.azurewebsites.net/api/digital/asset/get?fileName=pdfs/truform_0845stockings_sizingchart.pdf,True
25163,17624,2,Sizing Chart,https://v2prodbackend.azurewebsites.net/api/digital/asset/get?fileName=pdfs/truform_1772_sizingchart.pdf,false
25153,17621,2,Sizing Chart,https://v2prodbackend.azurewebsites.net/api/digital/asset/get?fileName=pdfs/truform_1777_sizingchart.pdf,True
24986,17547,2,Sizing Chart,https://v2prodbackend.azurewebsites.net/api/digital/asset/get?fileName=pdfs/truform_1791walkerboottallregular_sizingchart.pdf,True
24959,17533,2,Sizing Chart,https://v2prodbackend.azurewebsites.net/api/digital/asset/get?fileName=pdfs/truform_2371highperformanceanklebrace_sizingchart.pdf,True
24963,17534,2,Sizing Chart,https://v2prodbackend.azurewebsites.net/api/digital/asset/get?fileName=pdfs/truform_2375anklestabilizer-heellockingstraps.pdf,True
24999,17553,2,Sizing Chart,https://v2prodbackend.azurewebsites.net/api/digital/asset/get?fileName=pdfs/truform_2547anklesupportwraparoundstrap_sizingchart.pdf,false
25086,17603,2,Sizing Chart,https://v2prodbackend.azurewebsites.net/api/digital/asset/get?fileName=pdfs/truform_2548orthotexkneestabilizer-romhingedbars_sizingchart.pdf,True
24972,17539,2,Sizing Chart,https://v2prodbackend.azurewebsites.net/api/digital/asset/get?fileName=pdfs/truform_79020angoralowbackwarmer_sizingchart.pdf,True
24974,17540,2,Sizing Chart,https://v2prodbackend.azurewebsites.net/api/digital/asset/get?fileName=pdfs/truform_79030angorashoulderwarmer_sizingchart.pdf,True
25371,17682,2,Sizing Chart,https://v2prodbackend.azurewebsites.net/api/digital/asset/get?fileName=pdfs/truform_8866_sizingchart.pdf,True
25432,17703,2,Sizing Chart,https://v2prodbackend.azurewebsites.net/api/digital/asset/get?fileName=pdfs/truform_c-57cris-crosskneesupport.pdf,false
1089,271,1,Sizing Chart,https://v2prodbackend.azurewebsites.net/api/digital/asset/get?fileName=pdfs/TruformHyperextension.pdf,false
381225,10641,4,Product Information,"https://v2prodbackend.azurewebsites.net/api/digital/asset/get?fileName=pdfs/Trulife Dbl Adpt, Ft Pyr, Mount Plt Ctlg.pdf",false
381507,14603,4,Product Information,"https://v2prodbackend.azurewebsites.net/api/digital/asset/get?fileName=pdfs/Trulife Pylons, AAAHDTi Adpt Ctlg.pdf",false
381511,12133,4,Catalog Page,"https://v2prodbackend.azurewebsites.net/api/digital/asset/get?fileName=pdfs/Trulife%20Dbl%20Adpt,%20Ft%20Pyr,%20Mount%20Plt%20Ctlg.pdf",false
381307,10102,4,Catalog Page,"https://v2prodbackend.azurewebsites.net/api/digital/asset/get?fileName=pdfs/Trulife%20Pylons,%20AAAHDTi%20Adpt%20Ctlg.pdf",false
7261,4315,2,Fitting Instructions,https://v2prodbackend.azurewebsites.net/api/digital/asset/get?fileName=pdfs/U-45 Wrist Joint Fitting Instructions.pdf,false
22892,16660,5,Instructions for Use,https://v2prodbackend.azurewebsites.net/api/digital/asset/get?fileName=pdfs/UltraSling Quadrant Instructions for Use 13-0256 Rev A.pdf,True
7252,3633,2,Product Instructions,https://v2prodbackend.azurewebsites.net/api/digital/asset/get?fileName=pdfs/UM-1.0 Instructions.pdf,false
7253,3634,2,Product Instructions,https://v2prodbackend.azurewebsites.net/api/digital/asset/get?fileName=pdfs/UM-2.2 UM-3.3 Instructions.pdf,false
7255,3636,2,Product Instructions,https://v2prodbackend.azurewebsites.net/api/digital/asset/get?fileName=pdfs/UM-4.0 Instructions.pdf,false
24349,17163,2,Sizing Chart,https://v2prodbackend.azurewebsites.net/api/digital/asset/get?fileName=pdfs/unitedortho_hingedkneebraces_sizingchart.pdf,false
19531,15424,4,Neoprene PDAC Letter,https://v2prodbackend.azurewebsites.net/api/digital/asset/get?fileName=pdfs/unitedortho_neoprenekneebrace_pdac.pdf,True
26652,18253,2,Upper Extremity Brochure,https://v2prodbackend.azurewebsites.net/api/digital/asset/get?fileName=pdfs/UpperExtremetiesBrochure.pdf,True
15701,12426,2,Sizing Chart,https://v2prodbackend.azurewebsites.net/api/digital/asset/get?fileName=pdfs/usorthotics_patellastabilizerhingedkjps2_sizingchart.pdf,True
15735,12455,3,Care Information,https://v2prodbackend.azurewebsites.net/api/digital/asset/get?fileName=pdfs/usorthotics_v-linepro-v1&v2spinalorthosis-lso_instructions.pdf,false
15736,12455,4,Approved PDAC  L0637,https://v2prodbackend.azurewebsites.net/api/digital/asset/get?fileName=pdfs/usorthotics_v-linepro-v1&v2spinalorthosis-lso_pdac.pdf,false
15734,12455,2,Sizing Chart,https://v2prodbackend.azurewebsites.net/api/digital/asset/get?fileName=pdfs/usorthotics_v-linepro-v1&v2spinalorthosis-lso_sizingchart.pdf,false
15737,12456,2,Sizing Chart,https://v2prodbackend.azurewebsites.net/api/digital/asset/get?fileName=pdfs/usorthotics_v-linepro-v3_sizingchart.pdf,True
7246,6166,2,Assembly Instructions,https://v2prodbackend.azurewebsites.net/api/digital/asset/get?fileName=pdfs/Vacuum Station Assembly Instructions.pdf,false
22329,16359,2,Sizing Chart,https://v2prodbackend.azurewebsites.net/api/digital/asset/get?fileName=pdfs/ViscoHeel_sizingchart.pdf,True
15021,13633,2,Sizing Chart,https://v2prodbackend.azurewebsites.net/api/digital/asset/get?fileName=pdfs/wheaton_pediatriccastshoe_sizingchart.pdf,True
18363,14992,2,Sizing Chart,https://v2prodbackend.azurewebsites.net/api/digital/asset/get?fileName=pdfs/wheatonbrace_airprosportspatellakneesupport_Sizingchart.pdf,True
18358,14990,2,Sizing Chart,https://v2prodbackend.azurewebsites.net/api/digital/asset/get?fileName=pdfs/wheatonbrace_sportsosgood-schlatterbrace_sizingchart.pdf,True
18338,14976,2,Sizing Chart,https://v2prodbackend.azurewebsites.net/api/digital/asset/get?fileName=pdfs/wheatonbrace_thewheatonankle-footorthosis_sizingchart.pdf,false
388349,19353,4,Product Information,https://v2prodbackend.azurewebsites.net/api/digital/asset/get?fileName=pdfs/WillowWood 4-Hole Pyramid Receiver Adapters - Catalog.pdf,True
399264,15586,7,Fabrication Instructions,https://v2prodbackend.azurewebsites.net/api/digital/asset/get?fileName=pdfs/WillowWood%20One%c2%ab%20TT%20System%20Fabrication%20Instructions%20PN-2499-D.pdf,True
399271,15586,9,User Instructions,https://v2prodbackend.azurewebsites.net/api/digital/asset/get?fileName=pdfs/WILLOWWOOD%20ONE%c2%ae%20TRANSTIBIAL%20SYSTEM%20User%20Instructions%20PN-2497-C.pdf,True
388331,1312,2,Product Information,https://v2prodbackend.azurewebsites.net/api/digital/asset/get?fileName=pdfs/WillowWood%20Titanium%204-Hole%20Pyramid%20Adapters%20-%20Catalog%20Page.pdf,True
402933,8360,5,Alpha Silicone Liner Ordering Guidelines,https://v2prodbackend.azurewebsites.net/api/digital/asset/get?fileName=pdfs/willowwood_alphasiliconeliners_ordering.pdf,True
402970,10623,3,Alpha SmartTemp� Liner Sizing Guide,https://v2prodbackend.azurewebsites.net/api/digital/asset/get?fileName=pdfs/willowwood_alphasmarttempakliner_sizingchart.pdf,True
27882,18612,4,WillowWood DuraWalk Foot Sizing Chart,https://v2prodbackend.azurewebsites.net/api/digital/asset/get?fileName=pdfs/willowwood_durawalk_salessheet.pdf,True
20724,15376,9,OPIE AK Order Form,https://v2prodbackend.azurewebsites.net/api/digital/asset/get?fileName=pdfs/willowwood-alpha-design-ak-liner,false
20723,15374,9,OPIE BK Order Form,https://v2prodbackend.azurewebsites.net/api/digital/asset/get?fileName=pdfs/willowwood-alpha-design-bk-liner,false
7262,6179,2,Product Instructions,https://v2prodbackend.azurewebsites.net/api/digital/asset/get?fileName=pdfs/Wilmer Carrying Orthosis Fitting Instructions.pdf,false
26494,18213,2,Walking Boots Brochure,https://v2prodbackend.azurewebsites.net/api/digital/asset/get?fileName=pdfs/XLR8-Slick-Spread_1.pdf,True
